{
  "project_info": {
    "project_number": "269523814576",
    "project_id": "myfirebaseandroid-cbeda",
    "storage_bucket": "myfirebaseandroid-cbeda.appspot.com"
  },
  "client": [
    {
      "client_info": {
        "mobilesdk_app_id": "1:269523814576:android:1cc0cf01cbd3cf5b941375",
        "android_client_info": {
          "package_name": "com.example.myfirebaseandroid"
        }
      },
      "oauth_client": [
        {
          "client_id": "269523814576-qfiq5vnai9g4ck4r840lalqk49p0cg1b.apps.googleusercontent.com",
          "client_type": 3
        }
      ],
      "api_key": [
        {
          "current_key": "AIzaSyBubBp-EjpDsJ1ZmZe1Hv0PRl3ST-Xec1g"
        }
      ],
      "services": {
        "appinvite_service": {
          "other_platform_oauth_client": [
            {
              "client_id": "269523814576-qfiq5vnai9g4ck4r840lalqk49p0cg1b.apps.googleusercontent.com",
              "client_type": 3
            }
          ]
        }
      }
    }
  ],
  "configuration_version": "1"
}